,nome_candidato,uf,partido,estrelas_legisla_int,tempo_mandato,em_exercicio,tipo,gasto_gabinete,producao_legislativa,fiscalizacao,mobilizaca,alinhamento_partidario
0,Abílio Santana,BA,PSC,2,3,Não,TITULAR,179610.31,1.7,0.0,0.9,9.1
1,Abou Anni,SP,UNIÃO,3,3,Sim,TITULAR,230812.22,3.8,0.9,2.4,6.4
2,Acácio Favacho,AP,MDB,2,3,Sim,TITULAR,184110.41,2.6,0.2,2.1,6.4
3,Adolfo Viana,BA,PSDB,2,3,Sim,TITULAR,205381.50,2.8,0.9,2.4,5.5
4,Adriana Ventura,SP,NOVO,5,3,Sim,TITULAR,15501.49,6.4,2.9,7.3,10.0
5,Adriano do Baldy,GO,PP,2,3,Sim,TITULAR,186091.77,2.3,0.0,2.1,10.0
6,Aécio Neves,MG,PSDB,2,3,Sim,TITULAR,146298.86,2.4,0.0,2.1,7.3
7,Aelton Freitas,MG,PP,2,1,Sim,SUPLENTE,216187.99,1.6,0.7,0.9,9.1
8,Afonso Florence,BA,PT,4,3,Sim,TITULAR,203593.87,4.8,2.7,4.8,9.1
9,Afonso Hamm,RS,PP,2,3,Sim,TITULAR,197969.17,2.2,1.6,3.3,7.3
10,Afonso Motta,RS,PDT,3,3,Sim,TITULAR,232251.35,3.5,1.3,3.0,5.5
11,Aguinaldo Ribeiro,PB,PP,2,3,Não,TITULAR,170918.71,1.5,0.9,1.2,7.3
12,Airton Faleiro,PA,PT,4,3,Sim,TITULAR,210965.15,4.7,3.5,6.1,7.3
13,AJ Albuquerque,CE,PP,2,3,Sim,TITULAR,212343.51,2.3,0.2,2.4,10.0
14,Alan Rick,AC,UNIÃO,3,3,Não,TITULAR,212597.96,3.3,2.7,2.4,5.5
15,Alceu Moreira,RS,MDB,3,3,Sim,TITULAR,193008.11,3.3,2.4,2.1,7.3
16,Alcides Rodrigues,GO,PATRIOTA,2,3,Sim,TITULAR,235547.08,1.6,0.4,2.1,8.2
17,Alê Silva,MG,REPUBLICANOS,4,3,Sim,TITULAR,191824.29,5.7,1.5,3.6,7.3
18,Alessandro Molon,RJ,PSB,5,3,Sim,TITULAR,146003.64,6.0,5.6,5.2,7.3
19,Alex Manente,SP,CIDADANIA,3,3,Sim,TITULAR,91913.98,3.2,2.4,3.0,8.2
20,Alex Santana,BA,REPUBLICANOS,2,3,Sim,TITULAR,163332.33,3.3,1.1,2.1,0.9
21,Alexandre Frota,SP,PSDB,4,3,Sim,TITULAR,200789.10,5.9,1.3,4.8,0.9
22,Alexandre Leite,SP,UNIÃO,3,3,Sim,TITULAR,231588.19,3.2,1.3,2.4,9.1
23,Alexandre Padilha,SP,PT,5,3,Sim,TITULAR,191374.64,7.7,3.6,7.6,9.1
24,Alexandre Serfiotis,RJ,PSD,2,1,Não,TITULAR,0.00,1.4,1.3,2.1,1.8
25,Alexis Fonteyne,SP,NOVO,4,3,Sim,TITULAR,114694.89,5.3,2.9,5.8,10.0
26,Alice Portugal,BA,PCdoB,5,3,Sim,TITULAR,158229.44,5.3,4.0,7.6,9.1
27,Aliel Machado,PR,PV,4,3,Sim,TITULAR,216608.99,4.3,3.5,3.9,6.4
28,Aline Gurgel,AP,REPUBLICANOS,3,3,Sim,TITULAR,225760.82,4.4,2.0,4.8,6.4
29,Aline Sleutjes,PR,PROS,3,3,Sim,TITULAR,166020.59,3.3,1.1,2.7,9.1
30,Altineu Côrtes,RJ,PL,2,3,Sim,TITULAR,115851.27,3.0,0.2,1.8,9.1
31,Aluisio Mendes,MA,PSC,3,3,Sim,TITULAR,181307.92,3.8,0.7,3.0,8.2
32,Amaro Neto,ES,REPUBLICANOS,3,3,Sim,TITULAR,220174.86,3.5,0.7,2.1,10.0
33,André Abdon,AP,PP,2,3,Sim,TITULAR,225271.28,1.6,0.2,0.9,10.0
34,André de Paula,PE,PSD,2,3,Sim,TITULAR,216561.14,3.4,0.4,2.1,6.4
35,André Ferreira,PE,PL,2,3,Sim,TITULAR,220331.52,2.0,0.0,1.8,8.2
36,André Figueiredo,CE,PDT,5,3,Sim,TITULAR,229482.19,8.3,2.4,5.8,9.1
37,André Fufuca,MA,PP,2,3,Sim,TITULAR,164272.61,2.4,0.2,1.5,10.0
38,André Janones,MG,AVANTE,2,3,Sim,TITULAR,174211.62,2.6,0.0,3.6,0.9
39,Angela Amin,SC,PP,3,3,Sim,TITULAR,225149.93,4.4,1.5,4.5,0.9
40,Aníbal Gomes,CE,UNIÃO,1,2,Não,SUPLENTE,0.00,0.8,0.2,0.9,8.2
41,Antonio Brito,BA,PSD,3,3,Sim,TITULAR,215032.25,3.3,1.8,4.2,6.4
42,Arlindo Chinaglia,SP,PT,3,3,Sim,TITULAR,159743.68,3.1,1.8,4.2,9.1
43,Arnaldo Jardim,SP,CIDADANIA,3,3,Sim,TITULAR,222032.01,3.9,2.7,4.8,4.5
44,Aroldo Martins,PR,REPUBLICANOS,3,3,Sim,TITULAR,182233.19,3.4,1.1,2.7,9.1
45,Arthur Lira,AL,PP,2,3,Sim,TITULAR,110116.92,2.7,0.7,0.9,0.9
46,Arthur Oliveira Maia,BA,UNIÃO,2,3,Sim,TITULAR,177548.89,2.2,0.9,2.1,7.3
47,Assis Carvalho,PI,PT,3,3,Não,TITULAR,0.00,2.2,2.5,2.4,10.0
48,Átila Lins,AM,PSD,2,3,Sim,TITULAR,253063.02,1.7,1.5,1.2,8.2
49,Átila Lira,PI,PP,2,3,Sim,TITULAR,187796.46,2.2,0.2,2.4,0.9
50,Augusto Coutinho,PE,REPUBLICANOS,3,3,Sim,TITULAR,225616.34,4.3,1.6,3.3,6.4
51,Áurea Carolina,MG,PSOL,3,3,Sim,TITULAR,139945.96,3.5,2.4,5.5,10.0
52,Aureo Ribeiro,RJ,SOLIDARIEDADE,4,3,Sim,TITULAR,169827.73,5.8,2.5,6.7,2.7
53,Bacelar,BA,PV,3,3,Sim,TITULAR,185118.27,4.1,2.5,3.6,0.9
54,Baleia Rossi,SP,MDB,3,3,Sim,TITULAR,135537.94,3.5,0.7,1.5,9.1
55,Benedita da Silva,RJ,PT,4,3,Sim,TITULAR,160271.91,5.7,2.5,6.1,9.1
56,Benes Leocádio,RN,UNIÃO,3,3,Sim,TITULAR,214719.47,3.8,0.2,2.7,8.2
57,Beto Faro,PA,PT,3,3,Sim,TITULAR,208161.82,3.4,3.3,4.5,9.1
58,Beto Pereira,MS,PSDB,2,3,Sim,TITULAR,225543.01,2.5,1.1,3.0,4.5
59,Beto Rosado,RN,PP,3,3,Sim,TITULAR,236839.28,2.8,1.8,1.2,9.1
60,Bia Cavassa,MS,PSDB,2,3,Não,SUPLENTE,103091.57,2.6,1.6,2.4,5.5
61,Bia Kicis,DF,PL,3,3,Sim,TITULAR,142643.59,4.4,1.5,3.3,7.3
62,Bibo Nunes,RS,PL,4,3,Sim,TITULAR,257288.89,5.5,1.3,4.2,7.3
63,Bilac Pinto,MG,UNIÃO,3,3,Sim,TITULAR,210383.69,3.1,1.3,1.8,9.1
64,Bira do Pindaré,MA,PSB,4,3,Sim,TITULAR,253356.16,5.9,1.8,6.7,3.6
65,Boca Aberta,PR,PROS,3,2,Não,TITULAR,0.00,4.3,0.5,3.0,0.9
66,Bohn Gass,RS,PT,5,3,Sim,TITULAR,234368.25,5.1,4.7,5.5,9.1
67,Bosco Costa,SE,PL,4,3,Sim,TITULAR,197804.65,5.0,2.5,4.2,8.2
68,Bosco Saraiva,AM,SOLIDARIEDADE,2,3,Sim,TITULAR,238258.73,2.0,0.7,1.8,6.4
69,Bruna Furlan,SP,PSDB,2,3,Não,TITULAR,51112.84,1.8,1.6,1.5,0.9
70,Cacá Leão,BA,PP,2,3,Sim,TITULAR,189173.35,3.1,0.2,2.4,10.0
71,Camilo Capiberibe,AP,PSB,4,3,Sim,TITULAR,221079.45,4.8,2.4,5.5,6.4
72,Capitão Alberto Neto,AM,PL,5,3,Sim,TITULAR,152065.70,6.7,2.7,6.4,4.5
73,Capitão Augusto,SP,PL,3,3,Sim,TITULAR,184873.78,3.9,0.5,3.9,5.5
74,Capitão Fábio Abreu,PI,PSD,2,3,Sim,TITULAR,233635.83,2.7,0.4,2.7,5.5
75,Capitão Wagner,CE,UNIÃO,3,3,Sim,TITULAR,52920.63,5.1,1.1,3.3,0.9
76,Carla Dickson,RN,UNIÃO,3,2,Sim,SUPLENTE,195975.11,3.1,1.1,3.6,8.2
77,Carla Zambelli,SP,PL,3,3,Sim,TITULAR,153321.29,4.2,1.6,4.5,6.4
78,Carlos Bezerra,MT,MDB,3,3,Sim,TITULAR,70222.16,4.7,0.7,3.6,5.5
79,Carlos Chiodini,SC,MDB,3,3,Sim,TITULAR,142553.52,4.0,1.5,2.4,5.5
80,Carlos Gomes,RS,REPUBLICANOS,2,3,Sim,TITULAR,171215.81,2.7,1.1,2.1,9.1
81,Carlos Henrique Gaguim,TO,UNIÃO,4,3,Sim,TITULAR,240727.56,5.1,1.6,5.5,6.4
82,Carlos Jordy,RJ,PL,3,3,Sim,TITULAR,110941.56,4.0,1.8,3.3,8.2
83,Carlos Sampaio,SP,PSDB,3,3,Sim,TITULAR,227325.39,4.2,2.5,2.7,1.8
84,Carlos Veras,PE,PT,4,3,Sim,TITULAR,240962.88,4.9,2.9,6.1,9.1
85,Carlos Zarattini,SP,PT,3,3,Sim,TITULAR,208779.47,3.5,2.5,5.2,8.2
86,Carmen Zanotto,SC,CIDADANIA,5,3,Sim,TITULAR,135619.40,7.0,3.6,9.1,4.5
87,Caroline de Toni,SC,PL,3,3,Sim,TITULAR,68288.17,4.7,0.4,3.6,5.5
88,Cássio Andrade,PA,PSB,3,3,Sim,TITULAR,185325.59,4.2,2.0,4.2,0.9
89,Celina Leão,DF,PP,4,3,Sim,TITULAR,67192.94,5.1,1.1,4.2,8.2
90,Célio Moura,TO,PT,4,3,Sim,TITULAR,218428.61,3.8,2.4,5.5,9.1
91,Célio Silveira,GO,MDB,3,3,Sim,TITULAR,151700.58,4.2,1.3,2.4,5.5
92,Célio Studart,CE,PSD,4,3,Sim,TITULAR,223512.55,6.3,2.2,5.8,0.9
93,Celso Maldaner,SC,MDB,3,3,Sim,TITULAR,162450.89,3.6,0.9,2.4,7.3
94,Celso Russomanno,SP,REPUBLICANOS,3,3,Sim,TITULAR,109694.54,3.2,1.6,4.8,7.3
95,Celso Sabino,PA,UNIÃO,3,3,Sim,TITULAR,179219.43,4.5,1.6,3.9,3.6
96,Cezinha de Madureira,SP,PSD,3,3,Sim,TITULAR,206089.88,4.1,0.4,3.6,8.2
97,Charles Fernandes,BA,PSD,2,3,Sim,TITULAR,239626.71,3.6,0.9,2.7,0.9
98,Charlles Evangelista,MG,PP,2,3,Sim,TITULAR,182105.37,2.8,0.9,2.4,7.3
99,Chico D'Angelo,RJ,PDT,3,3,Sim,TITULAR,174068.90,3.4,1.6,3.0,10.0
100,Chiquinho Brazão,RJ,UNIÃO,3,3,Sim,TITULAR,213901.35,3.3,0.9,2.4,6.4
101,Chris Tonietto,RJ,PL,4,3,Sim,TITULAR,62691.14,6.0,3.1,5.8,4.5
102,Christiane de Souza Yared,PR,PP,2,3,Sim,TITULAR,203074.30,3.6,0.0,2.1,4.5
103,Christino Aureo,RJ,PP,3,3,Sim,TITULAR,203117.90,4.3,1.6,5.2,8.2
104,Clarissa Garotinho,RJ,UNIÃO,2,3,Sim,TITULAR,200805.09,3.1,1.8,2.4,0.9
105,Claudio Cajado,BA,PP,2,3,Sim,TITULAR,206003.57,1.7,1.3,1.8,8.2
106,Cleber Verde,MA,REPUBLICANOS,3,3,Sim,TITULAR,208716.60,4.1,1.3,4.2,9.1
107,Coronel Armando,SC,PL,3,3,Sim,TITULAR,191814.11,4.1,1.5,4.8,9.1
108,Coronel Chrisóstomo,RO,PL,3,3,Sim,TITULAR,233275.46,3.3,0.5,4.5,9.1
109,Coronel Tadeu,SP,PL,4,3,Sim,TITULAR,199262.89,6.9,1.6,5.5,7.3
110,Covatti Filho,RS,PP,2,3,Sim,TITULAR,264863.42,1.1,1.3,1.2,9.1
111,Cristiano Vale,PA,PP,2,3,Sim,TITULAR,213107.43,1.9,1.5,1.2,9.1
112,Da Vitoria,ES,PP,2,3,Sim,TITULAR,209824.60,2.6,1.5,2.1,7.3
113,Dagoberto Nogueira,MS,PSDB,4,3,Sim,TITULAR,223533.44,5.2,1.5,4.2,6.4
114,Damião Feliciano,PB,UNIÃO,2,3,Sim,TITULAR,198028.50,2.4,0.2,3.0,8.2
115,Daniel Almeida,BA,PCdoB,3,3,Sim,TITULAR,180400.79,4.0,2.2,3.9,10.0
116,Daniel Coelho,PE,CIDADANIA,3,3,Sim,TITULAR,224359.19,3.2,1.8,4.5,0.9
117,Daniel Freitas,SC,PL,3,3,Sim,TITULAR,171885.21,3.3,0.7,4.2,7.3
118,Daniel Silveira,RJ,PTB,3,3,Sim,TITULAR,185282.11,3.6,0.9,4.8,8.2
119,Daniel Trzeciak,RS,PSDB,2,3,Sim,TITULAR,106046.40,2.3,1.3,1.8,0.9
120,Daniela do Waguinho,RJ,UNIÃO,2,3,Sim,TITULAR,221304.29,3.0,0.4,2.7,5.5
121,Danilo Cabral,PE,PSB,5,3,Sim,TITULAR,158490.85,5.3,4.4,7.0,6.4
122,Danilo Forte,CE,UNIÃO,2,2,Sim,SUPLENTE,265243.61,1.9,1.6,1.8,4.5
123,Danrlei de Deus Hinterholz,RS,PSD,2,3,Sim,TITULAR,105749.80,1.8,0.4,2.1,5.5
124,Darci de Matos,SC,PSD,4,3,Sim,TITULAR,189017.91,5.2,0.5,5.2,8.2
125,Darcísio Perondi,RS,MDB,2,1,Não,SUPLENTE,0.00,1.3,0.0,1.5,9.1
126,David Miranda,RJ,PDT,4,3,Sim,TITULAR,200725.14,4.0,3.8,4.8,8.2
127,David Soares,SP,UNIÃO,4,3,Sim,TITULAR,101777.15,5.3,2.7,3.6,3.6
128,Delegado Antônio Furtado,RJ,UNIÃO,3,3,Sim,TITULAR,196912.31,4.3,0.0,3.0,0.9
129,Delegado Éder Mauro,PA,PL,2,3,Sim,TITULAR,244805.47,3.0,0.0,2.4,6.4
130,Delegado Marcelo Freitas,MG,UNIÃO,3,3,Sim,TITULAR,186782.25,4.8,0.9,2.7,7.3
131,Delegado Pablo,AM,UNIÃO,3,3,Sim,TITULAR,207322.59,4.2,2.0,4.2,8.2
132,Delegado Waldir,GO,UNIÃO,3,3,Sim,TITULAR,92354.11,4.5,0.9,3.0,1.8
133,Denis Bezerra,CE,PSB,5,3,Sim,TITULAR,211386.73,6.0,4.4,6.1,7.3
134,Deuzinho Filho,CE,REPUBLICANOS,2,0,Não,SUPLENTE,0.00,1.6,0.4,0.6,10.0
135,Diego Andrade,MG,PSD,3,3,Sim,TITULAR,155483.10,4.1,1.1,3.3,9.1
136,Diego Garcia,PR,REPUBLICANOS,4,3,Sim,TITULAR,176357.56,5.3,3.3,5.5,0.9
137,Dimas Fabiano,MG,PP,2,3,Sim,TITULAR,195314.75,1.7,1.1,1.2,8.2
138,Domingos Neto,CE,PSD,2,3,Sim,TITULAR,256362.64,2.5,0.9,2.4,9.1
139,Domingos Sávio,MG,PL,2,3,Sim,TITULAR,193384.69,3.2,0.4,2.4,8.2
140,Dr. Agripino Magalhães,CE,UNIÃO,1,2,Sim,SUPLENTE,41328.84,0.5,0.0,0.0,10.0
141,Dr. Frederico,MG,PATRIOTA,3,3,Sim,TITULAR,190173.29,3.6,1.6,4.8,7.3
142,Dr. Gonçalo,MA,REPUBLICANOS,2,1,Não,SUPLENTE,0.00,1.3,0.0,1.2,10.0
143,Dr. Jaziel,CE,PL,3,3,Sim,TITULAR,203339.47,4.2,1.6,3.0,4.5
144,Dr. João,BA,PROS,1,0,Não,SUPLENTE,0.00,0.6,0.0,0.6,10.0
145,Dr. Leonardo,MT,REPUBLICANOS,3,3,Sim,TITULAR,209507.06,3.5,1.8,3.0,5.5
146,Dr. Luiz Antonio Teixeira Jr.,RJ,PP,3,3,Sim,TITULAR,183012.78,4.1,0.7,6.7,8.2
147,Dr. Luiz Ovando,MS,PP,2,3,Sim,TITULAR,213733.84,2.3,1.3,2.4,8.2
148,Dr. Sinval Malheiros,SP,PODE,1,0,Não,SUPLENTE,0.00,0.6,0.5,0.3,10.0
149,Dr. Zacharias Calil,GO,UNIÃO,3,3,Sim,TITULAR,165338.34,4.5,1.1,4.8,6.4
150,Dra. Soraya Manato,ES,PTB,5,3,Sim,TITULAR,188577.07,7.6,1.3,7.3,8.2
151,Dra. Vanda Milani,AC,PROS,2,3,Sim,TITULAR,217856.09,1.9,1.1,1.8,7.3
152,Dulce Miranda,TO,MDB,3,3,Sim,TITULAR,237661.14,2.6,1.6,3.3,5.5
153,Edilázio Júnior,MA,PSD,2,3,Sim,TITULAR,227639.42,2.6,0.5,2.1,9.1
154,Edio Lopes,RR,PL,2,3,Sim,TITULAR,249251.17,2.3,1.1,1.8,9.1
155,Edmilson Rodrigues,PA,PSOL,3,1,Não,TITULAR,0.00,2.4,3.5,4.8,10.0
156,Edna Henrique,PB,REPUBLICANOS,4,3,Sim,TITULAR,122200.24,5.3,1.5,4.5,4.5
157,Eduardo Barbosa,MG,PSDB,3,3,Sim,TITULAR,164174.02,4.5,2.4,3.9,4.5
158,Eduardo Bismarck,CE,PDT,5,3,Sim,TITULAR,222020.17,8.2,3.1,7.3,0.9
159,Eduardo Bolsonaro,SP,PL,3,3,Sim,TITULAR,177221.10,2.5,1.8,2.1,8.2
160,Eduardo Braide,MA,PODE,2,1,Não,TITULAR,0.00,1.9,0.4,3.6,1.8
161,Eduardo Costa,PA,PSD,4,3,Sim,TITULAR,180120.20,4.8,1.6,5.5,6.4
162,Eduardo Cury,SP,PSDB,3,3,Sim,TITULAR,188365.32,4.0,2.4,2.4,1.8
163,Eduardo da Fonte,PE,PP,3,3,Sim,TITULAR,228142.99,4.4,1.8,3.3,7.3
164,Efraim Filho,PB,UNIÃO,3,3,Sim,TITULAR,174508.72,3.9,2.0,4.5,9.1
165,Elcione Barbalho,PA,MDB,2,3,Sim,TITULAR,196595.87,2.5,2.0,2.7,3.6
166,Eli Borges,TO,PL,2,3,Sim,TITULAR,252974.22,3.5,1.1,2.1,1.8
167,Eli Corrêa Filho,SP,UNIÃO,2,3,Sim,TITULAR,174870.19,2.5,0.2,2.1,9.1
168,Elias Vaz,GO,PSB,4,3,Sim,TITULAR,131203.91,4.5,6.0,5.8,4.5
169,Elmar Nascimento,BA,UNIÃO,2,3,Sim,TITULAR,194544.91,2.0,0.7,1.5,9.1
170,Ely Santos,SP,REPUBLICANOS,1,0,Não,SUPLENTE,42588.32,0.6,0.0,0.6,10.0
171,Emanuel Pinheiro Neto,MT,MDB,3,3,Sim,TITULAR,206876.95,4.2,2.0,4.2,1.8
172,Emidinho Madeira,MG,PL,2,3,Sim,TITULAR,197041.81,1.8,0.7,2.1,0.9
173,Enéias Reis,MG,UNIÃO,2,1,Não,SUPLENTE,0.00,2.3,0.4,3.6,9.1
174,Enio Verri,PR,PT,4,3,Sim,TITULAR,220793.93,5.0,4.9,5.2,9.1
175,Enrico Misasi,SP,MDB,3,3,Sim,TITULAR,179788.69,3.8,1.6,2.4,0.9
176,Erika Kokay,DF,PT,5,3,Sim,TITULAR,180867.56,8.5,5.5,10.0,6.4
177,Eros Biondini,MG,PL,2,3,Sim,TITULAR,155021.10,1.9,1.8,1.8,4.5
178,Euclydes Pettersen,MG,PSC,2,3,Sim,TITULAR,206912.12,1.8,0.9,2.1,6.4
179,Evair Vieira de Melo,ES,PP,3,3,Sim,TITULAR,238742.52,4.3,1.8,4.8,6.4
180,Expedito Netto,RO,PSD,2,3,Sim,TITULAR,148305.44,3.3,0.5,2.4,0.9
181,Fabiano Tolentino,MG,CIDADANIA,2,10,Não,SUPLENTE,0.00,1.3,0.0,0.9,10.0
182,Fábio Faria,RN,PP,2,1,Não,TITULAR,0.00,1.7,0.0,0.9,10.0
183,Fábio Henrique,SE,UNIÃO,3,3,Sim,TITULAR,216709.95,3.9,0.7,4.5,0.9
184,Fábio Mitidieri,SE,PSD,2,3,Não,TITULAR,185579.62,2.8,0.2,2.7,1.8
185,Fábio Ramalho,MG,MDB,2,3,Sim,TITULAR,152896.00,2.4,0.2,1.8,3.6
186,Fabio Reis,SE,PSD,2,3,Sim,TITULAR,196237.32,2.4,1.8,1.5,5.5
187,Fabio Schiochet,SC,UNIÃO,2,3,Sim,TITULAR,225631.46,2.6,0.9,1.8,8.2
188,Fábio Trad,MS,PSD,4,3,Sim,TITULAR,115412.97,7.2,2.2,5.5,0.9
189,Fausto Pinato,SP,PP,3,3,Sim,TITULAR,172392.18,3.8,2.2,4.8,6.4
190,Felício Laterça,RJ,PP,3,3,Sim,TITULAR,214833.14,4.2,1.6,3.6,6.4
191,Felipe Carreras,PE,PSB,5,3,Sim,TITULAR,74330.55,6.5,3.5,7.3,0.9
192,Felipe Francischini,PR,UNIÃO,3,3,Sim,TITULAR,188846.98,4.0,0.5,2.1,8.2
193,Felipe Rigoni,ES,UNIÃO,4,3,Sim,TITULAR,189609.87,6.7,3.1,6.1,0.9
194,Félix Mendonça Júnior,BA,PDT,3,3,Sim,TITULAR,206755.25,3.2,0.7,3.0,5.5
195,Fernanda Melchionna,RS,PSOL,5,3,Sim,TITULAR,210864.18,7.7,3.8,7.0,9.1
196,Fernando Borja,MG,AVANTE,1,0,Não,SUPLENTE,0.00,0.5,0.0,0.6,10.0
197,Fernando Coelho Filho,PE,UNIÃO,2,3,Sim,TITULAR,173840.46,1.6,0.9,1.2,10.0
198,Fernando Monteiro,PE,PP,2,3,Sim,TITULAR,184798.14,2.4,1.1,2.1,8.2
199,Fernando Rodolfo,PE,PL,3,3,Sim,TITULAR,188037.89,4.4,0.7,5.2,0.9
200,Filipe Barros,PR,PL,4,3,Sim,TITULAR,190689.06,4.7,2.2,4.2,7.3
201,Flávia Arruda,DF,PL,2,3,Sim,TITULAR,16951.74,2.3,0.7,3.0,8.2
202,Flávia Morais,GO,PDT,4,3,Sim,TITULAR,162972.84,5.2,1.1,5.5,4.5
203,Flaviano Melo,AC,MDB,2,3,Sim,TITULAR,220006.42,1.6,1.3,1.2,7.3
204,Flávio Nogueira,PI,PT,2,3,Sim,TITULAR,218227.68,3.2,0.2,3.0,0.9
205,Flordelis,RJ,PSD,2,2,Não,TITULAR,771.00,2.4,0.9,1.8,9.1
206,Francisco Jr.,GO,PSD,4,3,Sim,TITULAR,208060.39,5.0,2.0,4.8,7.3
207,Franco Cartafina,MG,PP,3,3,Sim,TITULAR,228414.87,3.9,1.5,2.7,5.5
208,Fred Costa,MG,PATRIOTA,4,3,Sim,TITULAR,187102.11,6.0,0.9,4.8,6.4
209,Frei Anastacio Ribeiro,PB,PT,4,3,Sim,TITULAR,225623.73,5.6,3.5,4.5,7.3
210,Gastão Vieira,MA,PROS,2,3,Não,SUPLENTE,95165.15,2.6,0.7,2.4,0.9
211,Gelson Azevedo,RJ,PL,2,3,Sim,TITULAR,202445.84,1.8,0.7,0.9,9.1
212,Genecias Noronha,CE,PL,2,3,Sim,TITULAR,89982.90,1.3,0.4,0.6,8.2
213,General Girão,RN,PL,2,3,Sim,TITULAR,217913.46,2.8,0.4,2.7,8.2
214,General Peternelli,SP,UNIÃO,3,3,Sim,TITULAR,153531.47,4.0,1.6,5.2,6.4
215,Geninho Zuliani,SP,UNIÃO,5,3,Sim,TITULAR,226342.00,7.8,1.6,6.7,7.3
216,Geovania de Sá,SC,PSDB,2,3,Sim,TITULAR,240087.80,3.3,0.2,2.4,1.8
217,Gervásio Maia,PB,PSB,3,3,Sim,TITULAR,204182.20,3.6,1.6,4.8,6.4
218,Giacobo,PR,PL,2,3,Sim,TITULAR,197839.24,1.5,0.9,1.5,9.1
219,Gil Cutrim,MA,REPUBLICANOS,2,3,Sim,TITULAR,213066.12,3.1,0.9,3.6,0.9
220,Gilberto Abramo,MG,REPUBLICANOS,3,3,Sim,TITULAR,128996.37,4.2,0.9,3.6,10.0
221,Gilberto Nascimento,SP,PSC,2,3,Sim,TITULAR,236996.43,1.6,2.2,1.8,8.2
222,Gilson Marques,SC,NOVO,4,3,Sim,TITULAR,30096.08,5.6,2.9,3.0,10.0
223,Giovani Cherini,RS,PL,4,3,Sim,TITULAR,244199.87,5.2,1.6,5.2,8.2
224,Giovani Feltes,RS,MDB,2,3,Sim,TITULAR,171941.41,1.4,0.9,0.6,6.4
225,Glauber Braga,RJ,PSOL,4,3,Sim,TITULAR,176815.91,3.6,3.8,6.4,9.1
226,Gleisi Hoffmann,PR,PT,4,3,Sim,TITULAR,239838.34,4.2,3.5,4.8,9.1
227,Gonzaga Patriota,PE,PSB,3,3,Sim,TITULAR,202683.39,2.8,2.4,2.7,6.4
228,Gorete Pereira,CE,PL,1,0,Não,SUPLENTE,0.00,0.1,0.0,0.3,10.0
229,Greyce Elias,MG,AVANTE,3,3,Sim,TITULAR,142877.26,3.3,1.3,3.6,7.3
230,Guiga Peixoto,SP,PSC,3,3,Sim,TITULAR,148484.12,3.6,1.5,2.4,3.6
231,Guilherme Mussi,SP,PP,2,3,Sim,TITULAR,92891.75,1.4,0.9,1.5,9.1
232,Gurgel,RJ,PL,3,3,Sim,TITULAR,190252.09,4.1,1.6,3.0,8.2
233,Gustavo Fruet,PR,PDT,4,3,Sim,TITULAR,186961.34,5.1,4.0,3.3,3.6
234,Gustinho Ribeiro,SE,REPUBLICANOS,2,3,Sim,TITULAR,256292.94,2.6,0.5,2.7,8.2
235,Gutemberg Reis,RJ,MDB,3,3,Sim,TITULAR,184493.45,3.0,0.5,4.2,7.3
236,Haroldo Cathedral,RR,PSD,2,3,Não,TITULAR,103293.42,1.7,1.3,2.1,7.3
237,Heitor Freire,CE,UNIÃO,3,3,Sim,TITULAR,204492.78,4.4,1.5,3.3,7.3
238,Heitor Schuch,RS,PSB,3,3,Sim,TITULAR,219705.96,3.3,1.6,3.3,6.4
239,Helder Salomão,ES,PT,5,3,Sim,TITULAR,198430.08,7.2,2.5,5.2,9.1
240,Hélio Costa,SC,PSD,2,3,Sim,TITULAR,214634.35,2.4,0.2,1.5,1.8
241,Hélio Leite,PA,UNIÃO,2,3,Sim,TITULAR,195490.30,2.5,0.0,2.1,7.3
242,Helio Lopes,RJ,PL,4,3,Sim,TITULAR,176625.87,5.1,1.5,3.9,9.1
243,Henrique do Paraíso,SP,REPUBLICANOS,1,0,Não,SUPLENTE,0.00,0.6,0.0,1.2,10.0
244,Henrique Fontana,RS,PT,3,3,Sim,TITULAR,127482.87,3.3,3.5,4.2,8.2
245,Hercílio Coelho Diniz,MG,MDB,2,3,Sim,TITULAR,0.00,3.1,0.0,3.3,4.5
246,Herculano Passos,SP,REPUBLICANOS,3,3,Sim,TITULAR,191568.04,2.5,1.3,4.5,7.3
247,Hermes Parcianello,PR,MDB,1,3,Sim,TITULAR,232056.94,1.4,0.9,0.6,3.6
248,Hildo Rocha,MA,MDB,4,3,Sim,TITULAR,198549.61,6.4,2.2,5.8,2.7
249,Hiran Gonçalves,RR,PP,3,3,Sim,TITULAR,241188.19,3.6,0.5,3.0,9.1
250,Hugo Leal,RJ,PSD,4,3,Sim,TITULAR,171065.11,5.3,3.5,5.5,7.3
251,Hugo Motta,PB,REPUBLICANOS,3,3,Sim,TITULAR,213449.52,3.5,0.9,2.1,8.2
252,Idilvan Alencar,CE,PDT,3,3,Sim,TITULAR,246789.72,2.7,2.0,3.9,1.8
253,Igor Kannário,BA,UNIÃO,2,3,Sim,TITULAR,180178.85,2.5,0.0,1.5,6.4
254,Igor Timo,MG,PODE,3,3,Sim,TITULAR,220786.84,3.6,1.5,4.8,7.3
255,Iracema Portella,PI,PP,2,3,Não,TITULAR,94207.40,1.9,0.7,1.5,9.1
256,Isnaldo Bulhões Jr.,AL,MDB,3,3,Sim,TITULAR,159723.56,3.5,0.2,3.0,8.2
257,Ivan Valente,SP,PSOL,5,3,Sim,TITULAR,134868.35,6.6,4.2,5.8,9.1
258,Jandira Feghali,RJ,PCdoB,5,3,Sim,TITULAR,173005.31,5.6,3.8,6.4,9.1
259,Jaqueline Cassol,RO,PP,3,3,Sim,TITULAR,222017.53,3.6,1.5,3.9,6.4
260,Jefferson Campos,SP,PL,2,3,Sim,TITULAR,182486.73,3.2,2.4,0.9,0.9
261,Jerônimo Goergen,RS,PP,4,3,Sim,TITULAR,176955.60,5.0,1.1,7.3,5.5
262,Jéssica Sales,AC,MDB,2,3,Sim,TITULAR,207278.46,2.7,0.4,2.1,1.8
263,Jesus Sérgio,AC,PDT,3,3,Sim,TITULAR,219906.43,4.1,2.5,3.3,4.5
264,Jhonatan de Jesus,RR,REPUBLICANOS,2,3,Sim,TITULAR,166152.99,3.0,0.2,2.4,8.2
265,João Campos,GO,REPUBLICANOS,2,3,Sim,TITULAR,170014.50,2.8,0.7,2.7,7.3
266,João Carlos Bacelar,BA,PL,2,3,Sim,TITULAR,188623.26,1.8,0.5,2.1,9.1
267,João Daniel,SE,PT,4,3,Sim,TITULAR,230772.59,6.0,2.7,6.1,8.2
268,João H. Campos,PE,PSB,3,1,Não,TITULAR,0.00,3.9,2.4,5.2,8.2
269,João Maia,RN,PL,3,3,Sim,TITULAR,253270.04,3.2,1.1,2.1,10.0
270,João Marcelo Souza,MA,MDB,2,3,Não,TITULAR,87128.82,1.7,0.2,1.8,9.1
271,João Roma,BA,PL,3,3,Sim,TITULAR,44090.47,3.2,0.5,2.4,8.2
272,Joaquim Passarinho,PA,PL,3,3,Sim,TITULAR,208095.88,3.9,1.6,3.0,3.6
273,Joenia Wapichana,RR,REDE,4,3,Sim,TITULAR,265588.70,5.2,2.7,5.8,10.0
274,Joice Hasselmann,SP,PSDB,3,3,Sim,TITULAR,210037.24,4.2,2.0,3.3,0.9
275,Jones Moura,RJ,PSD,1,0,Sim,SUPLENTE,186322.70,0.5,0.2,0.9,10.0
276,Jorge Braz,RJ,REPUBLICANOS,2,3,Sim,SUPLENTE,215725.50,2.3,1.1,1.5,9.1
277,Jorge Goetten,SC,PL,1,0,Não,SUPLENTE,0.00,0.5,0.0,0.3,10.0
278,Jorge Solla,BA,PT,5,3,Sim,TITULAR,208751.13,5.5,4.4,6.4,9.1
279,José Airton Félix Cirilo,CE,PT,3,3,Sim,TITULAR,214633.53,4.4,0.7,3.6,8.2
280,José Guimarães,CE,PT,4,3,Sim,TITULAR,192419.77,6.9,2.2,4.8,8.2
281,Jose Mario Schreiner,GO,MDB,3,3,Sim,TITULAR,203420.19,4.2,1.8,2.1,6.4
282,José Medeiros,MT,PL,4,3,Sim,TITULAR,242648.46,7.2,0.9,3.9,0.9
283,José Nelto,GO,PP,4,3,Sim,TITULAR,222666.86,6.0,1.3,6.1,6.4
284,José Nunes,BA,PSD,2,3,Não,TITULAR,106860.87,1.6,0.0,0.9,6.4
285,José Priante,PA,MDB,2,3,Sim,TITULAR,106848.90,1.4,0.2,0.6,8.2
286,José Ricardo,AM,PT,4,3,Sim,TITULAR,196234.74,5.7,3.3,5.8,7.3
287,José Rocha,BA,UNIÃO,2,3,Sim,TITULAR,210157.31,1.9,0.2,3.9,9.1
288,Joseildo Ramos,BA,PT,3,3,Sim,SUPLENTE,196915.04,3.6,2.2,4.8,8.2
289,Josimar Maranhãozinho,MA,PL,2,3,Não,TITULAR,108584.73,1.4,0.0,0.9,9.1
290,Josivaldo JP,MA,PSD,2,1,Sim,SUPLENTE,140261.97,0.9,0.2,1.2,10.0
291,Juarez Costa,MT,MDB,2,3,Sim,TITULAR,202073.82,2.5,1.5,1.8,4.5
292,Julian Lemos,PB,UNIÃO,2,3,Sim,TITULAR,150494.66,3.0,1.1,1.8,5.5
293,Júlio Cesar,PI,PSD,2,3,Sim,TITULAR,225182.29,2.6,0.9,2.1,9.1
294,Julio Cesar Ribeiro,DF,REPUBLICANOS,5,3,Sim,TITULAR,192418.37,7.2,2.0,6.1,9.1
295,Júlio Delgado,MG,PV,3,3,Sim,TITULAR,195327.30,4.2,2.4,3.3,1.8
296,Julio Lopes,RJ,PP,2,0,Não,SUPLENTE,84990.05,1.0,0.9,1.5,10.0
297,Juninho do Pneu,RJ,UNIÃO,4,3,Sim,TITULAR,187270.15,5.1,0.7,4.8,9.1
298,Junio Amaral,MG,PL,3,3,Sim,TITULAR,131245.68,4.1,0.7,2.4,3.6
299,Júnior Ferrari,PA,PSD,2,3,Sim,TITULAR,58419.19,2.8,0.2,1.8,2.7
300,Junior Lourenço,MA,PL,2,3,Sim,TITULAR,179882.93,1.0,0.0,1.5,10.0
301,Júnior Mano,CE,PL,3,3,Sim,TITULAR,172803.01,3.1,0.4,3.6,9.1
302,Juscelino Filho,MA,UNIÃO,2,3,Sim,TITULAR,260120.96,2.3,0.9,2.4,9.1
303,Kim Kataguiri,SP,UNIÃO,5,3,Sim,TITULAR,53284.77,9.0,3.3,6.1,0.9
304,Laercio Oliveira,SE,PP,3,3,Sim,TITULAR,192130.77,3.4,1.5,4.5,7.3
305,Lafayette de Andrada,MG,REPUBLICANOS,3,3,Sim,TITULAR,227746.88,4.1,0.2,3.9,9.1
306,Laura Carneiro,RJ,UNIÃO,1,0,Não,SUPLENTE,0.00,0.6,0.7,0.6,10.0
307,Lauriete,ES,PSC,3,3,Sim,TITULAR,204944.24,4.2,1.1,2.4,8.2
308,Leandre,PR,PSD,4,3,Sim,TITULAR,231988.39,4.7,3.8,3.9,0.9
309,Leda Sadala,AP,PP,2,3,Sim,TITULAR,170574.78,2.2,1.8,2.4,7.3
310,Leo de Brito,AC,PT,3,3,Sim,TITULAR,204219.35,3.1,3.8,3.9,10.0
311,Léo Moraes,RO,PODE,4,3,Sim,TITULAR,147389.18,7.3,2.2,6.4,0.9
312,Léo Motta,MG,REPUBLICANOS,2,3,Sim,TITULAR,197023.61,1.9,0.2,2.1,0.9
313,Leonardo Gadelha,PB,PSC,2,1,Não,SUPLENTE,148492.73,1.4,0.0,1.2,10.0
314,Leonardo Monteiro,MG,PT,4,3,Sim,TITULAR,210576.94,3.6,3.8,7.9,8.2
315,Leonardo Picciani,RJ,MDB,1,0,Não,SUPLENTE,95227.08,0.8,0.7,0.9,8.2
316,Leônidas Cristino,CE,PDT,3,3,Sim,TITULAR,185012.06,2.2,2.0,2.7,8.2
317,Leur Lomanto Júnior,BA,UNIÃO,2,3,Sim,TITULAR,197930.11,2.2,0.0,2.7,6.4
318,Lídice da Mata,BA,PSB,4,3,Sim,TITULAR,182429.77,5.5,2.4,7.0,6.4
319,Lincoln Portela,MG,PL,4,3,Sim,TITULAR,166784.00,5.2,1.5,4.2,6.4
320,Liziane Bayer,RS,REPUBLICANOS,2,3,Sim,TITULAR,258644.59,3.2,1.3,2.4,0.9
321,Loester Trutis,MS,PL,3,3,Sim,TITULAR,235999.44,3.9,1.1,4.5,5.5
322,Lourival Gomes,RJ,PP,2,3,Sim,TITULAR,221363.84,2.2,1.6,1.2,6.4
323,Lucas Gonzalez,MG,NOVO,4,3,Sim,TITULAR,87416.33,6.0,3.1,4.8,10.0
324,Lucas Redecker,RS,PSDB,3,3,Sim,TITULAR,148967.08,4.5,2.2,4.8,0.9
325,Lucas Vergilio,GO,SOLIDARIEDADE,3,3,Sim,TITULAR,138506.68,3.9,1.6,3.3,5.5
326,Luciano Bivar,PE,UNIÃO,2,3,Sim,TITULAR,124967.30,1.5,1.3,0.6,8.2
327,Luciano Ducci,PR,PSB,3,3,Sim,TITULAR,232925.91,3.6,1.6,3.9,0.9
328,Lucio Mosquini,RO,MDB,3,3,Sim,TITULAR,215717.91,3.4,2.4,3.0,5.5
329,Luis Miranda,DF,REPUBLICANOS,5,3,Sim,TITULAR,136556.52,8.2,3.6,6.1,5.5
330,Luis Tibé,MG,AVANTE,2,3,Sim,TITULAR,155562.71,2.3,0.0,2.4,9.1
331,Luisa Canziani,PR,PSD,3,3,Sim,TITULAR,196675.17,3.5,2.9,3.9,6.4
332,Luiz Antônio Corrêa,RJ,PP,2,3,Sim,TITULAR,210038.33,2.0,0.2,1.8,8.2
333,Luiz Carlos,AP,PSDB,2,3,Sim,TITULAR,138722.59,1.5,1.3,1.8,8.2
334,Luiz Carlos Motta,SP,PL,3,3,Sim,TITULAR,136218.74,3.0,0.9,3.3,7.3
335,Luiz Flávio Gomes,SP,PSB,2,1,Não,TITULAR,0.00,2.6,0.9,1.5,6.4
336,Luiz Lima,RJ,PL,4,3,Sim,TITULAR,182382.13,6.5,1.6,3.9,8.2
337,Luiz Nishimori,PR,PSD,2,3,Sim,TITULAR,185440.00,2.5,1.6,2.1,8.2
338,Luiz Philippe de Orleans e Bragança,SP,PL,4,3,Sim,TITULAR,169265.11,6.7,1.3,4.8,1.8
339,Luiza Erundina,SP,PSOL,4,3,Sim,TITULAR,147260.89,4.2,3.6,5.2,7.3
340,Luizão Goulart,PR,SOLIDARIEDADE,3,3,Sim,TITULAR,191248.32,5.6,0.4,3.6,7.3
341,Luizianne Lins,CE,PT,4,3,Sim,TITULAR,221368.65,3.4,3.6,4.5,9.1
342,Magda Mofatto,GO,PL,3,3,Sim,TITULAR,210590.59,2.8,2.4,2.1,8.2
343,Major Fabiana,RJ,PL,3,3,Sim,TITULAR,176218.99,3.2,1.1,3.3,9.1
344,Manuel Marcos,AC,REPUBLICANOS,2,1,Não,TITULAR,0.00,1.5,0.9,1.2,10.0
345,Mara Rocha,AC,MDB,3,3,Sim,TITULAR,214823.98,4.1,1.5,3.6,0.9
346,Marcão Gomes,RJ,PL,1,0,Não,SUPLENTE,0.00,0.7,0.0,0.6,10.0
347,Marcel van Hattem,RS,NOVO,3,3,Sim,TITULAR,57848.22,3.4,2.4,5.2,8.2
348,Marcelo Álvaro Antônio,MG,PL,2,3,Sim,TITULAR,196299.64,1.0,0.4,0.9,9.1
349,Marcelo Aro,MG,PP,2,3,Sim,TITULAR,190651.85,2.5,1.3,2.7,8.2
350,Marcelo Brum,RS,REPUBLICANOS,3,3,Não,SUPLENTE,79428.16,4.4,0.5,2.1,8.2
351,Marcelo Calero,RJ,PSD,3,3,Sim,TITULAR,77488.44,3.4,2.9,4.2,4.5
352,Marcelo Freixo,RJ,PSB,4,3,Sim,TITULAR,140654.22,5.2,4.4,5.8,8.2
353,Marcelo Moraes,RS,PL,2,3,Sim,TITULAR,150031.57,2.5,1.3,3.0,6.4
354,Marcelo Nilo,BA,REPUBLICANOS,2,3,Sim,TITULAR,227020.92,2.4,0.4,3.0,5.5
355,Marcelo Ramos,AM,PSD,4,3,Sim,TITULAR,172523.03,6.4,2.0,5.5,0.9
356,Marcio Alvino,SP,PL,2,3,Sim,TITULAR,0.00,1.6,1.1,3.9,9.1
357,Márcio Biolchi,RS,MDB,2,3,Sim,TITULAR,225423.91,1.9,0.2,0.6,5.5
358,Márcio Jerry,MA,PCdoB,2,3,Sim,TITULAR,74916.87,2.2,0.9,3.0,10.0
359,Márcio Labre,RJ,PL,2,3,Sim,TITULAR,175282.71,3.1,0.9,2.1,7.3
360,Márcio Marinho,BA,REPUBLICANOS,3,3,Sim,TITULAR,190757.44,2.7,0.2,4.5,9.1
361,Marco Bertaiolli,SP,PSD,3,3,Sim,TITULAR,182976.62,3.3,1.1,4.2,5.5
362,Marcon,RS,PT,4,3,Sim,TITULAR,227953.31,3.9,3.8,4.8,7.3
363,Marcos Aurélio Sampaio,PI,PSD,2,3,Sim,TITULAR,200934.49,2.0,0.2,2.1,9.1
364,Marcos Pereira,SP,REPUBLICANOS,3,3,Sim,TITULAR,133697.99,3.5,0.9,2.7,7.3
365,Marcos Soares,RJ,UNIÃO,1,1,Sim,SUPLENTE,188581.32,0.8,0.4,1.2,7.3
366,Margarete Coelho,PI,PP,3,3,Sim,TITULAR,206953.37,4.8,0.7,4.5,8.2
367,Margarida Salomão,MG,PT,3,1,Não,TITULAR,0.00,3.0,2.2,5.5,10.0
368,Maria do Rosário,RS,PT,5,3,Sim,TITULAR,228478.15,7.2,2.5,6.4,8.2
369,Maria Rosas,SP,REPUBLICANOS,3,3,Sim,TITULAR,67468.80,3.6,1.3,3.0,10.0
370,Mariana Carvalho,RO,REPUBLICANOS,3,3,Não,TITULAR,167319.17,3.1,2.4,4.8,5.5
371,Marília Arraes,PE,SOLIDARIEDADE,4,3,Sim,TITULAR,201376.94,5.3,2.7,5.2,9.1
372,Marina Santos,PI,REPUBLICANOS,2,3,Sim,TITULAR,205565.88,2.7,1.1,2.4,8.2
373,Mário Heringer,MG,PDT,4,3,Sim,TITULAR,204872.61,5.5,2.2,3.6,8.2
374,Mário Negromonte Jr.,BA,PP,2,3,Sim,TITULAR,209538.01,2.4,0.9,1.8,5.5
375,Marlon Santos,RS,PL,2,3,Sim,TITULAR,256977.95,1.7,0.7,1.8,0.9
376,Marreca Filho,MA,PATRIOTA,3,3,Sim,TITULAR,263535.04,4.9,2.2,3.3,6.4
377,Marx Beltrão,AL,PP,2,3,Sim,TITULAR,194202.66,2.7,1.1,2.4,6.4
378,Maurício Dziedricki,RS,PODE,2,3,Sim,TITULAR,223138.37,3.3,0.0,3.0,6.4
379,Mauro Benevides Filho,CE,PDT,2,3,Sim,TITULAR,112246.49,1.6,1.8,2.1,9.1
380,Mauro Lopes,MG,PP,2,3,Sim,TITULAR,200993.25,2.6,0.9,2.7,7.3
381,Mauro Nazif,RO,PSB,4,3,Sim,TITULAR,57177.64,7.0,0.7,5.2,0.9
382,Merlong Solano,PI,PT,3,3,Sim,SUPLENTE,244127.88,2.8,2.7,3.0,8.2
383,Miguel Haddad,SP,PSDB,1,2,Não,SUPLENTE,53886.49,0.7,0.9,0.6,8.2
384,Miguel Lombardi,SP,PL,2,3,Sim,TITULAR,164971.23,2.4,1.5,1.8,6.4
385,Milton Coelho,PE,PSB,2,1,Sim,SUPLENTE,254933.07,1.7,1.1,2.4,7.3
386,Milton Vieira,SP,REPUBLICANOS,2,3,Sim,TITULAR,169793.49,2.4,0.9,1.8,10.0
387,Misael Varella,MG,PSD,2,3,Sim,TITULAR,184769.85,1.7,1.1,1.5,7.3
388,Moses Rodrigues,CE,UNIÃO,2,3,Sim,TITULAR,215526.96,2.3,1.5,1.8,8.2
389,Natália Bonavides,RN,PT,4,3,Sim,TITULAR,209425.40,6.3,2.5,5.2,9.1
390,Nelson Barbudo,MT,PL,3,3,Sim,TITULAR,268169.58,3.2,0.7,2.1,9.1
391,Nelson Pellegrino,BA,PT,2,0,Não,TITULAR,0.00,1.6,1.8,1.8,10.0
392,Nereu Crispim,RS,PSD,4,3,Sim,TITULAR,225056.98,5.5,1.1,6.1,3.6
393,Neri Geller,MT,PP,2,3,Sim,TITULAR,193805.88,2.7,0.7,2.1,10.0
394,Neucimar Fraga,ES,PP,2,1,Sim,SUPLENTE,208646.35,2.4,1.1,1.8,8.2
395,Newton Cardoso Jr,MG,MDB,3,3,Sim,TITULAR,200424.78,2.7,1.1,4.5,5.5
396,Ney Leprevost,PR,UNIÃO,2,3,Sim,TITULAR,79666.46,1.6,0.0,1.2,10.0
397,Nicoletti,RR,UNIÃO,3,3,Sim,TITULAR,272130.63,4.8,1.6,3.3,7.3
398,Nilson F. Stainsack,SC,PP,1,0,Não,SUPLENTE,0.00,0.5,0.0,0.3,0.0
399,Nilson Pinto,PA,PSDB,2,3,Sim,TITULAR,208239.79,1.5,1.1,1.8,8.2
400,Nilto Tatto,SP,PT,5,3,Sim,TITULAR,197395.17,6.9,4.4,5.2,9.1
401,Nivaldo Albuquerque,AL,REPUBLICANOS,3,3,Sim,TITULAR,195278.91,4.4,1.5,3.9,8.2
402,Norma Ayub,ES,PP,3,3,Sim,TITULAR,148907.21,3.5,1.3,3.6,2.7
403,Norma Pereira,SC,PSDB,1,1,Não,SUPLENTE,0.00,0.2,0.0,0.6,10.0
404,Odair Cunha,MG,PT,3,3,Sim,TITULAR,155694.92,2.2,1.3,4.5,7.3
405,Odorico Monteiro,CE,PSB,2,0,Não,SUPLENTE,0.00,1.3,0.5,1.2,10.0
406,Olival Marques,PA,MDB,2,3,Sim,TITULAR,236448.89,2.2,0.4,1.5,8.2
407,Orlando Silva,SP,PCdoB,4,3,Sim,TITULAR,183082.72,5.0,2.7,6.7,8.2
408,Osires Damaso,TO,PSC,2,3,Não,TITULAR,204109.13,2.4,1.1,2.4,7.3
409,Osmar Terra,RS,MDB,2,3,Sim,TITULAR,200892.91,1.4,0.9,1.5,2.7
410,Ossesio Silva,PE,REPUBLICANOS,3,3,Sim,TITULAR,192955.52,3.6,1.8,3.3,10.0
411,Otavio Leite,RJ,PSDB,2,0,Não,SUPLENTE,73346.78,2.0,1.1,2.1,7.3
412,Otoni de Paula,RJ,MDB,3,3,Sim,TITULAR,177973.55,3.4,0.5,3.9,6.4
413,Ottaci Nascimento,RR,SOLIDARIEDADE,2,3,Sim,TITULAR,215887.77,1.6,0.0,1.8,8.2
414,Otto Alencar Filho,BA,PSD,3,3,Sim,TITULAR,178448.56,4.3,0.9,3.0,0.9
415,Padre João,MG,PT,4,3,Sim,TITULAR,203018.48,4.0,2.2,6.4,9.1
416,Paes Landim,PI,UNIÃO,2,3,Sim,SUPLENTE,86731.26,0.8,0.4,1.8,10.0
417,Pastor Eurico,PE,PL,3,3,Sim,TITULAR,187948.15,4.0,1.3,3.3,8.2
418,Pastor Gil,MA,PL,3,3,Sim,TITULAR,209648.75,3.4,0.7,3.3,7.3
419,Pastor Sargento Isidório,BA,AVANTE,2,3,Sim,TITULAR,62998.90,4.2,0.0,2.4,0.9
420,Patricia Ferraz,AP,PODE,2,0,Não,SUPLENTE,0.00,2.0,0.4,2.7,10.0
421,Patrick Dorneles,PB,PSD,1,0,Não,SUPLENTE,50224.83,0.5,0.4,0.0,9.1
422,Patrus Ananias,MG,PT,5,3,Sim,TITULAR,225398.54,5.3,4.4,5.5,9.1
423,Paula Belmonte,DF,CIDADANIA,5,3,Sim,TITULAR,0.00,6.4,3.6,8.8,0.9
424,Paulão,AL,PT,3,3,Sim,TITULAR,133449.02,3.5,2.2,4.8,9.1
425,Paulo Abi-Ackel,MG,PSDB,2,3,Sim,TITULAR,178058.77,3.0,1.1,2.1,7.3
426,Paulo Azi,BA,UNIÃO,2,3,Sim,TITULAR,194879.95,2.4,1.1,2.7,7.3
427,Paulo Bengtson,PA,PTB,4,3,Sim,TITULAR,204464.91,6.0,0.9,3.9,7.3
428,Paulo Eduardo Martins,PR,PL,3,3,Sim,TITULAR,28535.07,4.7,1.3,3.0,0.9
429,Paulo Freire Costa,SP,PL,2,3,Sim,TITULAR,140476.97,1.7,1.3,0.9,8.2
430,Paulo Ganime,RJ,NOVO,5,3,Sim,TITULAR,30552.52,6.3,4.7,5.5,9.1
431,Paulo Guedes,MG,PT,3,3,Sim,TITULAR,196045.82,3.5,2.4,5.8,9.1
432,Paulo Magalhães,BA,PSD,2,3,Sim,SUPLENTE,201025.40,2.0,0.4,0.9,4.5
433,Paulo Marinho Jr,MA,PL,1,2,Sim,SUPLENTE,91445.55,0.6,0.0,0.3,10.0
434,Paulo Pimenta,RS,PT,4,3,Sim,TITULAR,170207.06,4.4,3.5,5.8,8.2
435,Paulo Ramos,RJ,PDT,4,3,Sim,TITULAR,194003.39,5.9,3.5,5.5,6.4
436,Paulo Teixeira,SP,PT,5,3,Sim,TITULAR,168107.20,7.0,4.4,8.5,9.1
437,Paulo Vicente Caleffi,RS,PSD,2,0,Não,SUPLENTE,89352.98,1.1,0.0,1.2,9.1
438,Pedro Augusto Bezerra,CE,PDT,3,3,Sim,TITULAR,239320.73,4.4,1.3,4.5,0.9
439,Pedro Augusto Palareti,RJ,PP,2,1,Sim,SUPLENTE,198645.18,1.1,0.5,0.6,8.2
440,Pedro Cunha Lima,PB,PSDB,3,3,Sim,TITULAR,7544.02,2.6,2.4,2.7,3.6
441,Pedro Dalua,AP,PSC,1,0,Não,SUPLENTE,77241.56,0.5,0.2,0.9,10.0
442,Pedro Lucas Fernandes,MA,UNIÃO,3,3,Sim,TITULAR,216765.25,4.8,1.5,3.6,6.4
443,Pedro Lupion,PR,PP,3,3,Sim,TITULAR,209411.27,4.4,1.3,3.6,5.5
444,Pedro Paulo,RJ,PSD,2,3,Sim,TITULAR,120501.18,1.8,1.5,1.8,8.2
445,Pedro Uczai,SC,PT,5,3,Sim,TITULAR,144819.79,5.6,3.6,7.3,8.2
446,Pedro Vilela,AL,PSDB,2,1,Sim,SUPLENTE,246363.32,2.2,1.8,2.4,7.3
447,Pedro Westphalen,RS,PP,3,3,Sim,TITULAR,244406.18,3.6,0.9,4.8,9.1
448,Perpétua Almeida,AC,PCdoB,5,3,Sim,TITULAR,195428.85,7.0,2.4,7.9,8.2
449,Pinheirinho,MG,PP,3,3,Sim,TITULAR,173763.00,3.5,1.3,2.7,9.1
450,Policial Katia Sastre,SP,PL,3,3,Sim,TITULAR,218056.92,3.8,1.5,3.6,6.4
451,Pompeo de Mattos,RS,PDT,5,3,Sim,TITULAR,237411.88,8.0,0.7,7.0,3.6
452,Pr. Marco Feliciano,SP,PL,2,3,Sim,TITULAR,96473.81,2.2,2.0,2.1,6.4
453,Professor Alcides,GO,PL,2,3,Sim,TITULAR,208748.52,2.4,1.1,2.4,9.1
454,Professor Israel Batista,DF,PSB,4,3,Sim,TITULAR,156743.86,5.2,3.3,6.7,0.9
455,Professor Joziel,RJ,PATRIOTA,2,3,Sim,TITULAR,208233.00,3.0,1.3,1.8,6.4
456,Professora Dayane Pimentel,BA,UNIÃO,2,3,Sim,TITULAR,166590.13,2.8,1.3,2.4,0.9
457,Professora Dorinha Seabra Rezende,TO,UNIÃO,3,3,Não,TITULAR,191088.23,4.4,1.8,5.2,2.7
458,Professora Marcivania,AP,PCdoB,3,3,Sim,TITULAR,201693.16,2.8,2.5,3.3,9.1
459,Professora Rosa Neide,MT,PT,5,3,Sim,TITULAR,235617.88,5.7,4.0,7.0,8.2
460,Rachel Marques,CE,PT,1,0,Não,SUPLENTE,0.00,0.2,0.0,0.3,0.0
461,Rafael Motta,RN,PSB,4,3,Sim,TITULAR,106080.62,4.1,3.1,4.2,6.4
462,Rafafá,PB,PSDB,1,0,Não,SUPLENTE,0.00,0.8,0.0,1.2,9.1
463,Raimundo Costa,BA,PODE,2,3,Sim,TITULAR,228934.96,2.3,1.3,1.5,6.4
464,Raul Henry,PE,MDB,2,3,Sim,TITULAR,159366.29,2.2,1.3,2.1,0.9
465,Reginaldo Lopes,MG,PT,5,3,Sim,TITULAR,216166.88,6.5,4.0,7.0,8.2
466,Reinhold Stephanes Junior,PR,PSD,2,3,Não,TITULAR,81171.58,3.1,1.3,2.1,5.5
467,Rejane Dias,PI,PT,5,3,Sim,TITULAR,165489.57,7.0,4.2,6.4,7.3
468,Renata Abreu,SP,PODE,4,3,Não,TITULAR,140512.00,5.5,1.6,4.8,3.6
469,Renildo Calheiros,PE,PCdoB,3,3,Sim,TITULAR,163150.45,4.2,1.6,2.7,10.0
470,Ricardo Barros,PR,PP,3,3,Sim,TITULAR,122646.42,2.6,0.9,4.2,7.3
471,Ricardo da Karol,RJ,PDT,1,1,Sim,SUPLENTE,185240.80,0.7,0.0,0.6,9.1
472,Ricardo Guidi,SC,PSD,2,3,Sim,TITULAR,152356.02,2.2,0.5,1.2,8.2
473,Ricardo Izar,SP,REPUBLICANOS,4,3,Sim,TITULAR,177454.19,4.7,2.5,5.5,0.9
474,Ricardo Pericar,RJ,UNIÃO,1,0,Não,SUPLENTE,0.00,0.7,0.0,0.9,10.0
475,Ricardo Silva,SP,PSD,3,2,Sim,SUPLENTE,211167.33,4.8,2.5,3.3,0.9
476,Ricardo Teobaldo,PE,PODE,2,3,Sim,TITULAR,219037.57,1.8,1.1,1.2,5.5
477,Robério Monteiro,CE,PDT,2,3,Sim,TITULAR,215732.82,1.9,0.0,1.5,6.4
478,Roberto Alves,SP,REPUBLICANOS,3,3,Sim,TITULAR,136110.68,3.9,1.6,2.7,10.0
479,Roberto de Lucena,SP,REPUBLICANOS,4,3,Sim,TITULAR,220328.24,5.6,0.5,6.4,4.5
480,Roberto Pessoa,CE,PSDB,3,1,Não,TITULAR,0.00,2.7,1.1,4.5,10.0
481,Rodrigo Agostinho,SP,PSB,5,3,Sim,TITULAR,205417.72,7.4,3.3,4.5,0.9
482,Rodrigo Coelho,SC,PODE,3,3,Sim,TITULAR,92855.29,4.3,1.5,5.8,0.9
483,Rodrigo de Castro,MG,UNIÃO,2,3,Sim,TITULAR,206322.13,3.3,0.2,3.0,6.4
484,Rodrigo Maia,RJ,S.PART.,2,2,Não,TITULAR,0.00,1.5,1.8,0.9,0.9
485,Rogério Correia,MG,PT,5,3,Sim,TITULAR,182576.80,6.3,2.5,8.8,9.1
486,Rogério Peninha Mendonça,SC,MDB,2,3,Sim,TITULAR,144075.51,3.0,0.2,2.4,0.9
487,Ronaldo Carletto,BA,PP,3,3,Sim,TITULAR,186296.76,2.2,2.9,1.5,10.0
488,Ronaldo Martins,CE,REPUBLICANOS,1,1,Não,SUPLENTE,0.00,0.6,0.4,0.9,10.0
489,Rosana Valle,SP,PL,3,3,Sim,TITULAR,186864.44,4.0,2.2,4.2,0.9
490,Rosangela Gomes,RJ,REPUBLICANOS,2,3,Sim,TITULAR,216407.58,2.6,1.5,2.4,5.5
491,Rose Modesto,MS,UNIÃO,3,3,Sim,TITULAR,141490.87,3.9,1.5,3.6,0.9
492,Rubens Bueno,PR,CIDADANIA,4,3,Sim,TITULAR,206904.79,5.5,2.2,3.3,2.7
493,Rubens Otoni,GO,PT,5,3,Sim,TITULAR,213243.08,5.8,3.5,5.8,10.0
494,Rubens Pereira Júnior,MA,PT,3,3,Sim,TITULAR,213565.13,4.0,0.4,2.4,9.1
495,Rui Falcão,SP,PT,3,3,Sim,TITULAR,204895.98,3.4,2.2,5.5,9.1
496,Ruy Carneiro,PB,PSC,2,3,Sim,TITULAR,174399.38,2.6,1.1,1.8,2.7
497,Sâmia Bomfim,SP,PSOL,4,3,Sim,TITULAR,160581.64,5.8,2.7,6.4,10.0
498,Samuel Moreira,SP,PSDB,2,3,Sim,TITULAR,162392.46,2.8,1.3,2.1,0.9
499,Sanderson,RS,PL,5,3,Sim,TITULAR,208960.03,7.0,2.2,5.2,8.2
500,Santini,RS,PTB,3,2,Não,TITULAR,0.00,3.0,0.5,4.8,9.1
501,Sargento Fahur,PR,PSD,2,3,Sim,TITULAR,112264.66,2.7,1.5,1.5,0.9
502,Schiavinato,PR,PP,3,2,Não,TITULAR,0.00,2.6,1.3,2.4,10.0
503,Sebastião Oliveira,PE,AVANTE,2,3,Sim,TITULAR,249305.41,2.3,0.2,2.1,9.1
504,Sérgio Brito,BA,PSD,2,3,Sim,TITULAR,193212.21,1.4,0.0,1.5,9.1
505,Sergio Souza,PR,MDB,3,3,Sim,TITULAR,247497.51,3.1,1.5,3.3,6.4
506,Sergio Toledo,AL,PV,2,3,Sim,TITULAR,173371.73,2.3,0.7,1.5,8.2
507,Sergio Vidigal,ES,PDT,3,1,Não,TITULAR,0.00,2.7,1.5,4.5,7.3
508,Severino Pessoa,AL,MDB,2,3,Sim,TITULAR,181355.62,2.4,0.2,1.8,8.2
509,Shéridan,RR,PSDB,2,3,Sim,TITULAR,194836.38,3.5,0.4,2.4,3.6
510,Sidney Leite,AM,PSD,3,3,Sim,TITULAR,198344.45,3.3,3.3,3.0,2.7
511,Silas Câmara,AM,REPUBLICANOS,3,3,Sim,TITULAR,189341.47,3.1,2.2,3.0,8.2
512,Silvia Cristina,RO,PL,2,3,Sim,TITULAR,261875.87,3.0,0.5,3.3,0.9
513,Silvio Costa Filho,PE,REPUBLICANOS,3,3,Sim,TITULAR,223890.28,3.1,1.1,3.6,6.4
514,Simplício Araújo,MA,SOLIDARIEDADE,1,1,Não,SUPLENTE,0.00,0.7,0.4,0.3,0.0
515,Soraya Santos,RJ,PL,3,3,Sim,TITULAR,148749.38,3.9,1.5,3.0,6.4
516,Sóstenes Cavalcante,RJ,PL,3,3,Sim,TITULAR,181041.39,4.2,1.8,2.1,3.6
517,Stefano Aguiar,MG,PSD,2,3,Sim,TITULAR,174799.65,1.8,2.0,0.9,6.4
518,Subtenente Gonzaga,MG,PSD,4,3,Sim,TITULAR,203513.15,5.8,2.0,4.8,2.7
519,Tabata Amaral,SP,PSB,5,3,Sim,TITULAR,166086.31,7.5,4.0,6.7,0.9
520,Tadeu Alencar,PE,PSB,4,3,Sim,TITULAR,200659.07,3.9,3.3,4.2,7.3
521,Talíria Petrone,RJ,PSOL,5,3,Sim,TITULAR,174329.77,7.2,2.9,6.4,9.1
522,Ted Conti,ES,PSB,3,3,Não,SUPLENTE,93449.72,3.4,1.6,3.9,2.7
523,Tereza Cristina,MS,PP,1,3,Sim,TITULAR,53470.62,0.5,0.5,0.9,10.0
524,Tereza Nelma,AL,PSD,4,3,Sim,TITULAR,222698.46,5.0,2.7,7.0,0.9
525,Tia Eron,BA,REPUBLICANOS,2,1,Não,SUPLENTE,101052.38,2.0,0.5,1.8,10.0
526,Tiago Dimas,TO,PODE,3,3,Sim,TITULAR,203005.93,3.9,1.6,3.3,6.4
527,Tiago Mitraud,MG,NOVO,4,3,Sim,TITULAR,14947.70,4.2,3.5,5.2,10.0
528,Tiririca,SP,PL,2,3,Sim,TITULAR,132697.80,2.2,1.3,0.9,0.9
529,Tito,BA,AVANTE,2,3,Sim,TITULAR,180492.77,2.0,1.1,1.5,4.5
530,Toninho Wandscheer,PR,PROS,2,3,Sim,TITULAR,196124.75,2.3,0.7,1.8,7.3
531,Totonho Lopes,CE,PDT,1,0,Não,SUPLENTE,0.00,0.7,0.0,1.2,10.0
532,Túlio Gadêlha,PE,REDE,4,3,Sim,TITULAR,234537.32,5.1,2.7,5.5,0.9
533,Uldurico Junior,BA,MDB,2,3,Sim,TITULAR,161424.03,1.9,1.3,1.2,4.5
534,Vaidon Oliveira,CE,UNIÃO,2,3,Não,TITULAR,201655.20,1.6,0.9,1.5,6.4
535,Valdevan Noventa,SE,PL,2,3,Não,TITULAR,127627.24,2.0,0.9,1.5,0.9
536,Valmir Assunção,BA,PT,3,3,Sim,TITULAR,171461.01,4.2,2.4,4.2,8.2
537,Valtenir Pereira,MT,MDB,3,3,Não,SUPLENTE,149329.03,3.0,1.1,2.7,8.2
538,Vander Loubet,MS,PT,3,3,Sim,TITULAR,187602.12,3.1,3.5,4.8,7.3
539,Vanderlei Macris,SP,PSDB,2,3,Sim,TITULAR,189653.29,2.5,0.7,1.2,0.9
540,Vavá Martins,PA,REPUBLICANOS,2,3,Sim,TITULAR,146675.45,2.7,0.4,2.1,8.2
541,Vermelho,PR,PL,2,3,Sim,TITULAR,193947.44,3.0,0.5,2.1,8.2
542,Vicentinho,SP,PT,4,3,Sim,TITULAR,208585.98,3.9,4.2,4.5,9.1
543,Vicentinho Júnior,TO,PP,3,3,Sim,TITULAR,208093.13,3.0,0.2,3.0,10.0
544,Victor Mendes,MA,MDB,1,0,Sim,SUPLENTE,169482.13,0.5,0.4,0.6,10.0
545,Vilson da Fetaemg,MG,PSB,3,3,Sim,TITULAR,164309.06,4.5,0.5,4.5,7.3
546,Vinicius Carvalho,SP,REPUBLICANOS,3,3,Sim,TITULAR,199163.88,4.7,1.1,2.4,9.1
547,Vinicius Farah,RJ,UNIÃO,3,3,Sim,TITULAR,80381.22,3.4,1.8,3.6,8.2
548,Vinicius Gurgel,AP,PL,2,3,Sim,TITULAR,86606.20,1.3,0.9,1.2,10.0
549,Vinicius Poit,SP,NOVO,3,3,Sim,TITULAR,95625.81,3.5,2.7,3.9,10.0
550,Vitor Hugo,GO,PL,3,3,Sim,TITULAR,183167.76,5.0,0.7,3.6,9.1
551,Vitor Lippi,SP,PSDB,3,3,Sim,TITULAR,202460.70,3.6,1.3,4.8,3.6
552,Vivi Reis,PA,PSOL,3,1,Sim,SUPLENTE,191030.21,2.5,2.5,4.5,10.0
553,Waldenor Pereira,BA,PT,4,3,Sim,TITULAR,181412.59,3.4,3.6,5.2,8.2
554,Walter Alves,RN,MDB,3,3,Sim,TITULAR,236037.70,2.7,1.6,2.1,9.1
555,Weliton Prado,MG,PROS,3,3,Sim,TITULAR,160233.58,4.0,1.6,3.0,0.9
556,Wellington Roberto,PB,PL,3,3,Sim,TITULAR,201303.11,2.8,1.6,2.4,10.0
557,Wilson Santiago,PB,REPUBLICANOS,3,3,Sim,TITULAR,185791.93,4.1,0.9,3.9,8.2
558,Wladimir Garotinho,RJ,PSD,2,1,Não,TITULAR,0.00,2.3,1.1,1.8,8.2
559,Wolney Queiroz,PE,PDT,4,0,Sim,,178200.94,4.2,4.0,3.3,9.1
560,Zé Augusto Nalin,RJ,UNIÃO,1,3,Não,TITULAR,0.00,0.5,0.0,1.2,10.0
561,Zé Carlos,MA,PT,3,0,Sim,SUPLENTE,202104.20,3.1,2.0,6.4,7.3
562,Zé Neto,BA,PT,3,3,Sim,TITULAR,194548.14,4.2,1.1,5.5,7.3
563,Zé Silva,MG,SOLIDARIEDADE,3,3,Sim,TITULAR,200186.83,4.3,0.5,3.6,6.4
564,Zé Vitor,MG,PL,4,3,Sim,TITULAR,173555.32,5.8,1.8,4.5,6.4
565,Zeca Dirceu,PR,PT,3,3,Sim,TITULAR,200886.76,3.2,3.1,4.5,8.2
